<?xml version='1.0' encoding='utf-8'?>
<TEI xmlns="http://www.tei-c.org/ns/1.0" xml:id="Colenso-NewsL-0080">
   <teiHeader>
      <fileDesc>
         <titleStmt>
            <title>Letter: 1878 A few thoughts and facts concerning the “Sabbath” and its due observance. Hawke’s Bay Herald 24, 27, 28 September; 1, 5, 22, 31 October; 14, 15, 21, 29 November; 4, 12 December.</title>
            <author>
               <name type="person" key="http://wtap.vuw.ac.nz/eats/entity/9614/">William Colenso</name>
            </author>
         </titleStmt>
         <publicationStmt>
            <p/>
         </publicationStmt>
         <sourceDesc>
            <bibl>
               <author>
                  <name type="person" key="http://wtap.vuw.ac.nz/eats/entity/9614/">William Colenso</name>
               </author>
               <publisher>
                  <name type="organisation">Hawke’s Bay Herald</name>
               </publisher>
            </bibl>
         </sourceDesc>
      </fileDesc>
   </teiHeader>
   <text>
      <front>
         <p>
           <hi rend="bold">1878 A few thoughts and facts concerning the “Sabbath” and its due observance.</hi>lb/&gt;
           <hi rend="bold italic">Hawke’s Bay Herald </hi>
           <hi rend="bold">24, 27, 28 September; 1, 5, 22, 31 October; 14, 15, 21, 29 November; 4, 12 December.</hi>
           <note xml:id="ftn36" place="foot" n="36">These letters were collected and published as a booklet: “Tracts for the times No. 1: On the Sabbath and its due observance” republished in Vol. 3 of this series: <hi rend="italic">What I believe to be genuine and authentic</hi>—<hi rend="italic">Ed.</hi></note>
         </p>
      </front>
      <body/>
   </text>
</TEI>