<?xml version='1.0' encoding='utf-8'?>
<TEI xmlns="http://www.tei-c.org/ns/1.0" xml:id="Colenso-NewsL-0214">
  <teiHeader>
    <fileDesc>
      <titleStmt>
        <title>Letter: DEATHS: Hawke’s Bay Herald 11 February 1899.</title>
        <author><name type="person">W. M. Newman</name></author>
      </titleStmt>
      <publicationStmt>
        <p/>
      </publicationStmt>
      <sourceDesc>
        <bibl>
          <author><name type="person">W. M. Newman</name></author>
          <date when="1899-02-11">1899 February 11</date>
          <publisher>
            <name type="organisation">Hawke’s Bay Herald</name>
          </publisher>
        </bibl>
      </sourceDesc>
    </fileDesc>
  </teiHeader>
  <text>
    <front>
      <p>
        <hi rend="bold">DEATHS: </hi>
        <hi rend="bold italic">Hawke’s Bay Herald 11 February 1899.</hi>
      </p>
    </front>
    <body>
      <p>COLENSO.— At Napier, on 10th February, 1899, Rev. William Colenso, F.R.S., F.L.S., in the 88th year of his age. The funeral will leave his late residence tomorrow (Sunday), 12th instant, at 3 o'clock. — W.M. Newman, Undertaker. </p>
    </body>
  </text>
</TEI>