<?xml version='1.0' encoding='utf-8'?>
<TEI xmlns="http://www.tei-c.org/ns/1.0" xml:id="Colenso-NewsL-0207">
   <teiHeader>
      <fileDesc>
         <titleStmt>
            <title>Letter: 1898 A rare plant . Hawke’s Bay Herald 28 November.</title>
            <author>
               <name type="person" key="http://wtap.vuw.ac.nz/eats/entity/9614/">William Colenso</name>
            </author>
         </titleStmt>
         <publicationStmt>
            <p/>
         </publicationStmt>
         <sourceDesc>
            <bibl>
               <author>
                  <name type="person" key="http://wtap.vuw.ac.nz/eats/entity/9614/">William Colenso</name>
               </author>
               <date when="1898-11-28">1898 November 28</date>
               <publisher>
                  <name type="organisation">Hawke’s Bay Herald</name>
               </publisher>
            </bibl>
         </sourceDesc>
      </fileDesc>
   </teiHeader>
   <text>
      <front>
         <p>
                  <hi rend="bold">1898 </hi>
                  <hi rend="bold">A rare plant</hi>
                  <hi rend="bold">. 	<lb/>
                  </hi>
                  <hi rend="bold italic">Hawke’s Bay Herald</hi>
                  <hi rend="bold"> 28 November.</hi>
               </p>
      </front>
      <body>
         <p>
                  <hi rend="smallcaps">Sir</hi>,—I read with pleasure in the <hi rend="smallcaps">Herald</hi> of Thursday last your notice of a curious and fine plant from Queensland (<hi rend="italic">Doryanthes</hi>), now flowering for the first time in Mr Robjohns’ garden, after 16 years of cultivation. </p>
         <p>Here, too, in my garden is another fine plant—<hi rend="italic">Fourcroya</hi> 
                  <hi rend="italic">gigantea</hi>—now in full flower, for the first time, and of a similar age; its tall, stout, erect spike of flowers, some 15 feet high, like the mast of a small boat, bearing thousands of scented blossoms, hanging in long graceful festoons around it, reminding one of those Venetian masts decorated with narrow streamers used at public rejoicings. This, however, is not an Australian, but a South American plant, and worthy a notice in your paper.—I am, &amp;c., </p>
         <p>		W.<hi rend="smallcaps">Colenso</hi>,  <lb/>Napier, November 25th, 1898.</p>
      </body>
   </text>
</TEI>