<?xml version='1.0' encoding='utf-8'?>
<TEI xmlns="http://www.tei-c.org/ns/1.0" xml:id="PrL-0013">
  <teiHeader>
      <fileDesc>
         <titleStmt>
            <title>Private Letter: 1839 February 16: to Busby</title>
            <author>
               <name type="person" key="http://wtap.vuw.ac.nz/eats/entity/9614/">William Colenso</name>
            </author>
         </titleStmt>
         <publicationStmt>
            <p/>
         </publicationStmt>
         <sourceDesc>
            <p>ATL Ms-Papers-4855. As Colenso explains, this is a draft which he copied for Busby, “he sending original to England”.</p>
         </sourceDesc>
      </fileDesc>
      <profileDesc>
         <correspDesc>
            <correspAction type="sent">
          
               <name type="place" key="http://wtap.vuw.ac.nz/eats/entity/6871/">Paihia</name>
            </correspAction>
            <correspAction type="received">
               <name type="person" key="http://wtap.vuw.ac.nz/eats/entity/71327/">Busby</name>
               <name type="place" key="http://wtap.vuw.ac.nz/eats/entity/70244/">Waitangi</name>
            </correspAction>
         </correspDesc>
         <creation xmlns:tei="http://www.tei-c.org/ns/1.0">
            <date when="1839-02-16">1839 February 16</date>
         </creation>
      </profileDesc>
  </teiHeader>
  <text>
      <front>
         <p>1839 February 16: to Busby<note xml:id="ftn1-14" place="foot" n="14"> ATL Ms-Papers-4855. As Colenso explains, this is a draft which he copied for Busby, “he sending original to England”.</note>
         </p>
      </front>
      <body>
         <p>(Copy of Lne: to J. Busby Esqr., in ansr. to his of the 14<hi rend="sup">th</hi>. Inst, requesting Information on Capt. Fitzroy’s evidence.)</p>
         <p rend="center">_________</p>
         <p rend="end">Paihia Miss. Station<lb/>Feby 16/39.</p>
         <p>To J Busby Esqr<lb/>Residency<lb/>Waitangi</p>
         <p>My dr Sir</p>
         <p>In ansr. to yrs. of the 14<hi rend="sup">th</hi>. Inst., request. Infn. on þt part of þe evidence of Capt. Fitzroy, R.N., relative to þe state of N.Z., given by him before the Com. of the Ho. of Lds: wherein he says:—</p>
         <p>“An example occurred to myself, &amp;c &amp;c &amp;c – – – – – –.”</p>
         <p>I have to reply:—</p>
         <list type="unordered">
            <item>That I had not any Consultation with Capt Fitzroy on the subject.—</item>
            <item>That I do not recollect the circumstances alluded to by Capt. Fitzroy; neither can I find any allusion to the same in my Journal of þt date.—</item>
            <item>That Mess. Baker, &amp; Ashwell, &amp; myself were the only Missionaries residt. at Paihia at the time of Capt. Fitzroy’s visit.</item>
            <item>That Mr Ashwell cod. not have had interfered in any such matter at that time from his having only been a few days in the Land, conseqy. not knowg. the Language. I mention þs., as Mr A. is at present residing in one of the Southern Stations.</item>
            <item>That since my residence in the Bay of Islds (bet. 4 and 5 years) I have not heard of a single attack being so much as talked of by Natives against a British Vessel.</item>
         </list>
         <p>Yrs &amp;c</p>
         <p>W.C.</p>
         <p>(copied this for Mr Busby, Feb. 28/39: he sendg. origl. to Engd.)</p>
      </body>
  </text>
</TEI>