<?xml version='1.0' encoding='utf-8'?>
<TEI xmlns="http://www.tei-c.org/ns/1.0" xml:id="PrL-0098">
  <teiHeader>
      <fileDesc>
         <titleStmt>
            <title>Private Letter: Date?: to McLean</title>
            <author>
               <name type="person" key="http://wtap.vuw.ac.nz/eats/entity/9614/">William Colenso</name>
            </author>
         </titleStmt>
         <publicationStmt>
            <p/>
         </publicationStmt>
         <sourceDesc>
            <p>ATL Object #1013935 from MS-Papers-0032-0222.</p>
         </sourceDesc>
      </fileDesc>
      <profileDesc>
         <correspDesc>
            <correspAction type="received">
               <name type="person" key="http://wtap.vuw.ac.nz/eats/entity/70546/">McLean</name>
            </correspAction>
         </correspDesc>
         <creation xmlns:tei="http://www.tei-c.org/ns/1.0"/>
      </profileDesc>
  </teiHeader>
  <text>
      <front>
         <p>Date?: to McLean<note xml:id="ftn1-144" place="foot" n="144">ATL Object #1013935 from MS-Papers-0032-0222.</note>
         </p>
      </front>
      <body>
         <p rend="end">Thursday morng.</p>
         <p>D. McLean Esq</p>
         <p> &amp;c  &amp;c</p>
         <p>My dear Sir</p>
         <p>I am doomed to be ever in a hurry! Your kind note of yesterday arrived by water just as your <hi rend="italic">after </hi>messenger did by land!! I, therefore, could not answer it.</p>
         <p>I now send you a couple (or rather 3) notes, for Wairoa &amp; Turanga, which I venture to burden you with. I hope you will have a pleasant journey. I suppose you will still find me at home (home?), on your return. The Baptism is to take place on Feby. 9.</p>
         <p>We ask each other (<hi rend="underline italic">vainly</hi>) what can we do for you for your journey? I am quite tired writing. You can tell Mr. Hamlin much of Ahuriri and Waitangi news.—</p>
         <p>       Believe me ever</p>
         <p>               Very faithfully yours</p>
         <p>                       W. Colenso.</p>
      </body>
  </text>
</TEI>