<?xml version='1.0' encoding='utf-8'?>
<TEI xmlns="http://www.tei-c.org/ns/1.0" xml:id="PrL-0134">
   <teiHeader>
      <fileDesc>
         <titleStmt>
            <title>Private Letter: 1853 December 10: to Dixon &amp; Co.</title>
            <author>
               <name type="person" key="http://wtap.vuw.ac.nz/eats/entity/9614/">William Colenso</name>
            </author>
         </titleStmt>
         <publicationStmt>
            <p/>
         </publicationStmt>
         <sourceDesc>
            <p>ATL 80-038 George Petersen papers: Colenso’s rough copy.</p>
            
         </sourceDesc>
      </fileDesc>
      <profileDesc>
         <correspDesc>
               
               <correspAction type="received">
                  <name type="organisation" key="http://wtap.vuw.ac.nz/eats/entity/72324/">Dixon &amp; Co.</name>
               </correspAction>
            </correspDesc>
         <creation xmlns:tei="http://www.tei-c.org/ns/1.0">
            <date when="1853-12-10">1853 December 10</date>
         </creation>
      </profileDesc>
   </teiHeader>
   <text>
      <front>
         <p>1853 December 10: to Dixon &amp; Co.<note xml:id="ftn2-23" place="foot" n="23"> ATL 80-038 George Petersen papers: Colenso’s rough copy.</note>
         </p>
      </front>
      <body>
         <p rend="end">Waitangi Decr. 10/53</p>
         <p>My dear Sirs</p>
         <p>I wrote to you on the 1<hi rend="sup">st</hi>. inst—enclosing a small order; &amp; also a Bill on CMS. for 66.16.10—wh. I hope will duly reach you.</p>
         <p>I did not then think I shod. write you again so soon, but an oppory. offg. I avail myself of it. I now send you a large order, which, being all common articles, I hope you will fully attend to &amp; very promptly execute. To meet it I enclose one of ea of 2 Setts of Bills on CMS.—one for ₤150—— &amp; one for ₤100—— making ₤250.—</p>
         <p>I have not time to write you fully now; but please bear in mind the various little hints I have given from time to time, w. ref. to <hi rend="italic">size, color, </hi>&amp; <hi rend="italic">stoutness</hi>; in particular as to the Boots—to have <hi rend="italic">nails in their soles</hi>. The <hi rend="italic">shawls</hi> I know not how to describe, as the former lot of 18 (3 sorts) came together, named indeed in the Inv. but not in the Bale. However, the harsh red &amp; black chequered worsted shawl is <hi rend="italic">not</hi> the one required; but the other 2. The <hi rend="italic">Brazil</hi> Hats must be of the best stout kind, or none.</p>
         <p>Let the Bales, or Cases, be small, rather than large. </p>
         <p>Please bear in mind, that you are not tied to the prices quoted: a few shillings more, per doz, or piece, I shall always <hi rend="underline italic">willgy</hi>
            <hi rend="italic">. give</hi> for the better or larger article.</p>
         <p>Should the goods greatly exceed the money sent—send only 20 pairs of the 9/4 Blkts, instead of 30 as ordd., and 1 dozen new pairs of Boots, instead of 2 doz.</p>
         <p>We very greatly prefer the <hi rend="italic">Angola</hi> (or semi-ribbed) trowsers to the <hi rend="italic">Doeskin</hi>: but whichever you send, bear in mind—the <hi rend="italic">stouter the better.</hi>
         </p>
         <p>There is a blue woollen shirt introd. which has a heavy nap—quite like a blanket, &amp; is greatly liked; could you not send me a few?—</p>
         <p>I confess I am disappd. in your Dupl. Invoice, you having promd. to <hi rend="italic">write in </hi>detail. There are many enquiries of mine still unansd. I might, but I will not, take advantage of <hi rend="italic">another</hi> error of yours: in this last lot of goods were 2 doz. B. knives, wh. are <hi rend="italic">not chgd. </hi>in your Invoices; <hi rend="underline italic">this</hi>, I suppose, you will rectify.</p>
         <p>If you can get me any of the CMS. pubs. from June 1851 (gratis), I should be glad to have them.—</p>
         <p>Is the “Brittania” npaper. still in existence? if so, I shod. like to get a copy.—</p>
         <p>The last shipt.—₤102.11.6—cost <hi rend="italic">in</hi>
            <hi rend="italic">exps. </hi>to door here ₤49.11.4!! You will see the abs. necy. of close packing. Last Casks badly packed—never use that harsh wheat straw, rather the fine grass I have seen used, &amp; packed at manufacturies. I do not object to <hi rend="italic">good</hi> Casks &amp; if the Cask will take more, put in, to fill up.</p>
         <p>Let the <hi rend="italic">Cloth Caps</hi> ordd. have <hi rend="underline italic">large</hi> fronts whether bound or not—sun is very powerful here in NZ.</p>
         <p>
            <hi rend="italic">Order: Decr. 31/53</hi>
         </p>
         <p>30 yards good stout flannel, at about 1/6, or 1/8</p>
         <p>6 grooms’ Black Jackets” cloth fronts &amp; shallow sleeves<lb/>     2 sm.   )<lb/>  2 mid   ) man’s size<lb/>       2 large )</p>
         <p>½ doz. (ready made) white muslin cravats, not too fine, <lb/>        length, when folded, about 58 inches</p>
         <p>1 doz. best Flat cord Trowsers—      )<lb/>6 woollen cord ditto (as a trial)         ) sizes</p>
         <p>2 Blue Cloth Cloaks, with fur collars.<lb/>  1—same as supplied 30 Apl/53 but to</p>
         <p>have a dark fur collar</p>
         <p>     1—ditto, about ₤2.5.0.</p>
         <p>½ doz. strong Cotton Drawers.</p>
         <p>20 yds. Printed Druggett—scarlet &amp; light</p>
         <p>4 shepherds plaid shawls (green colors)</p>
         <p>—    2—28/- as one sent pr. “Adml. S.”<lb/>          2—about 20/- or 22/-</p>
         <p>2 Black Horse-hair Caps best quality &amp; <hi rend="underline italic">largest</hi> peaks—size 1, 7in., 1, 7¼in.</p>
         <p>1 piece of colored Mosquito net—<hi rend="italic">strong</hi> &amp; large mesh.</p>
         <p>1 piece of scarlet Lutestring ribbon, black figure 2in. wide.</p>
         <p>½ doz. best saffron, in a bladder, &amp; box</p>
         <p>1 Ladies work box, similar to the one supplied 16 July 49.</p>
         <p>2 cann. gunpowder</p>
         <p>1 qt. spts wine</p>
         <p>56 lbs sulph Copper steepg. seed wheat, price abt. 8d lb</p>
         <p>56 lbs carb soda</p>
         <p>2 doz 4 oz )</p>
         <p>2 doz 6 oz ) <hi rend="italic">scented</hi> Hair oil, about 1/- ea <hi rend="italic">or less.</hi>
         </p>
         <p>4 pieces stout worked wire for meat safe, ea. 2.0 x 2.0</p>
         <p>     set in a narrow hardwood frame, &amp; wire painted.</p>
         <p>1 doz. Packets Walkden’s Blk. ink Powders</p>
         <p>½ doz Bridles, (<hi rend="italic">Head &amp; Reins only</hi>) Tinned Buckles, <hi rend="italic">without </hi>Bits.</p>
         <p>½ doz. Blue pint Jugs</p>
         <p>1 doz Blue quart ditto</p>
         <p>1 doz. wh. or yellow Bakers Dishes—2 sizes</p>
         <list type="unordered">
            <item>6 of 11in. “8d. ea”</item>
         </list>
         <p>6 of 10in. “7d. ea”</p>
         <p>6 doz. Blue Dishes Willow pattn.<lb/>1 dz. of 10in 2 dz of 12in 2 of 14in 1 of 16in.</p>
         <p>1 Tennyson’s Poems</p>
         <p>Little pocket glass (size of walnut) <lb/>or eye glass no. 2,<hi rend="italic">if such</hi>
         </p>
         <p>Sealing wax, 2 lbs. best Red</p>
         <p>[20in, 18in, 16in, 1 dz of ea Tin Dishes]</p>
         <p>see memo. to shoemaker</p>
         <p>1 Carpenter’s Brace—<hi rend="underline italic">not</hi> the <hi rend="underline italic">Bitts</hi>
            <hi rend="italic">.</hi>
         </p>
         <p>2 men’s saddles, 1 mid. 1 large—plain stout, hogskin seat</p>
         <p>6 pairs stout strong woollen girths</p>
         <p>6 pairs stout strong Linen wet ditto</p>
         <p>1 dz wh shirts lin. fronts abt 4/-</p>
         <p>1 dz merino vests 2 sizes mid &amp; large</p>
         <p>2 pairs lace up gents walkg. shoes same size as measure</p>
         <p>4 steelyards 2–300—2–350 ea</p>
         <p>Maize mill—20/-</p>
         <p>1 dz Tin Basons “1/9 ea” 12 June/52</p>
         <p rend="center">
            <hi rend="bold italic">To Dixon</hi>
         </p>
         <p>1. 1 ream y.w. hot pressed Post—Blue long folio<lb/>Ruled 4 lines to the inch<lb/>—Foolscap do.</p>
         <p>Steelyards—2, or so.</p>
         <p>Girths</p>
         <p>Ink Powders</p>
         <p>Londn. Porter        )</p>
         <p>Br. stout            ) in Bott.</p>
         <p>2. 1 ream Best laid </p>
         <p>3. 1 ream middle do.</p>
         <p>4. 1 Ream Best cream satin post </p>
         <p>5. Mem. Books.<lb/>½ gross red leather “8d” ruled blue lines only<lb/>½ gross ditto “6d”<lb/>½ gross ditto marbled paper covers “3d.”</p>
         <p>6. Candles—2 doz. Belmont sperm 6d.</p>
         <p>7. 1 doz. scizzors</p>
         <p>8. razors 2 dozen 4/- or 5/-</p>
         <p>9. Fish Hooks, length 2½: breadth of bowed part ⅞</p>
         <p>10. Capers 1 Bott</p>
         <p>11. 1 Bottle mushroom ketchup</p>
         <p>12. 1 Bottle Harvey’s sauce</p>
         <p>12. Hair seating—chairs (6 chairs 22in long 18 upper 20 lower width &amp; <hi rend="italic">sofa</hi>? </p>
         <p>14. 1, long <hi rend="underline italic">thin</hi> wool cushion 5.10 long 1.11 wide</p>
         <p>15. Bath Bricks 4<lb/>Marb. paper &amp; Red cloth for Encyc. Britann. by &amp; bye<lb/>Lity Gazette—nos. of</p>
         <p>16. Keatings cough Lozenges <hi rend="italic">1 tin</hi>
         </p>
         <p>17. Lavender water 2 Bottles best</p>
         <p>18. Bridles</p>
         <p>19. Pinned-handle knives,    1 doz—6/6  )<hi rend="underline italic">pinned</hi> handles<lb/>                                                1 doz—, 8/6) &amp; curved blades</p>
         <p>20 Wedg. rings 1 gr.</p>
         <p>21. 1 doz. d. stones</p>
         <p>22. 4 Shoes, Latty—2 pairs size of no.91<lb/>                          —2 pairs 1 size larger</p>
         <p>23. 4 ——  Fanny—2 pairs 1 size larger<lb/>                     —2 pairs 2 sizes larger than last, no.91</p>
         <p>24. 6 pr.—  Wi—3<hi rend="italic">Red                        </hi>) child 2 yrs. old—3 Blk Leather   ) 2 sizes</p>
         <p>25. 2 prs. Boots, self, same as “no.24a”—order Apl 30/50<lb/>2 pr d—— ½ size smaller—<hi rend="italic">smallest </hi>hob nails in bottom &amp; heels</p>
         <p>26. 2 lbs old Brown Wonder soap</p>
         <p>27. Turkey red Long cloth Twilled childns. dresses</p>
         <p>28. gloves, <hi rend="italic">garden </hi>&amp; daily wear</p>
         <p>29. 30 yds. good welsh flannel—wh. will not shrink</p>
         <p>30. 20 yds Brown Linen</p>
         <p>31. 20 yds Brown Holland</p>
         <p>32. 1 doz. pairs colored cotton socks Boy 8 yrs<lb/>1 doz — — — — — — — — — —10 yrs</p>
         <p>33. 1 gross Black &amp; White Hooks &amp; Eyes, sizes</p>
         <p>34. 2 dozen round stoutest Tin Dishes—       4 of 20 inches<lb/>                                                                             4 of 18<lb/>                                                                            4 of 16<lb/>                                                                            4 of 12<lb/>                                                                            4 of 10<lb/>                                                                            4 of 8</p>
         <p>35. 4 dozen stout Blue &amp; White handled mugs</p>
         <p>36. 3 dozen Blue pint handled mugs</p>
         <p>36. 3 dozen d— quart d——</p>
         <p>37. ½ dozen Jack planes &amp; Irons</p>
         <p>38. Shoe Blacking—paste</p>
         <p>39. 2 <hi rend="italic">large</hi> Gardeners Rakes</p>
         <p>40. 1 prong digging up Docks</p>
         <p>41. 2 pieces strong coarse dark gingham for Native girls</p>
         <p>42. 1 piece neat pink striped ditto for child’s frocks</p>
         <p>43. pair sieves 2 sizes</p>
         <p>44. Tin of London Gingerbread</p>
         <p>These added, <hi rend="italic">not</hi> written with copying Ink</p>
         <p>45. 6 Reticules, common marketing from Basket makers<lb/>    2 largest 2 mid 2 small</p>
         <p>46. 12 or 14 lbs prunes in a Jar</p>
         <p>47. 1 lb. Tart. Acid.</p>
         <p>48. 1 oz Juniper</p>
         <p>49. 2 good Balls<lb/>2 Tops &amp; Cords—1 humming top</p>
         <p>50. a dissected map of the world</p>
         <p>51. a few pounds of Tamarinds in a Jar</p>
         <p>52. 200 ft. glass 8 x 10</p>
         <p>I intend to write again when I next hear from you.</p>
         <p>Don’t forget me with a few Papers &amp; other periodicals.</p>
         <p>Wrote a short <hi rend="italic">private</hi> note to Mr Latter.</p>
         <p rend="center">
            <hi rend="bold italic">Order</hi>
            <hi rend="bold">, to Dixon, Decr.  1853</hi>
         </p>
         <p rend="center">====</p>
         <p>
            <hi rend="italic">Blankets,</hi>30 pairs best stout white 9/4 – - - - - - - -13/9       20.12.6<lb/>              20 d– – – – – – – – – –  15/4 – - - - - - - 16/-  16. –.–</p>
         <p>
            <hi rend="italic">Trowsers,</hi> 2 doz. angola/or Doeskin,) no.1– – –117/-              11.14. –<lb/>             2 doz. d– – – – – – – – – –  no.2– – –129/-           12.18. –<lb/>             2 dz. moleskin lined soft &amp; dark – – –64/-                  6.  8. –<lb/>           2 dz. d– – – – – – – – white– – – – – –70/-             7. ––––<lb/>            3 dz. Duck stout– – – – – – – – – – – –24/-             3.12. –</p>
         <p>
            <hi rend="italic">Shirts,</hi>    5 dz. Common – (better yr. last) – – – 20/6             5.  2.  6<lb/>                  4 dz. best Sc. Twill– – – – – – – – – –  27/-           5.  8. –<lb/>           4 dz. white– – – – – – – – – – – – – –  24/-            4.16. –<lb/>            4 dz. yacht– – – – – – – – – – – – – –  21/-            4.  4. –<lb/>           4 dz. chemises (Mar 11/51) – – – – –  25/-              5. ––––<lb/>            4 dz. Blue serge<hi rend="underline italic">extra long</hi> – – – – – –51/-           10.14. –<lb/>             3 dz. Red – – – – – – – – – – – – – – – 54/-            8.  2. –</p>
         <p>
            <hi rend="italic">Handkfs.</hi> 2 dz. Black silk– – – – – – – – – – – – 50/-              5.  0.  0<lb/>                  2 dz. Fancy neck– – – – – – – – – – –  42/-             4.  4. –<lb/>           8 dz. Turkey Red– – – – – – – – – – –  9/6              3.16. –<lb/>            6 dz. Bandanna– – – – – – – – – – – – –4/-              1.  4. –</p>
         <p>
            <hi rend="italic">Prints.</hi>    6 pieces Navy Blue 5/4– – – – – – – –11/9               3.10.  6<lb/>           2 dz. Ptd. Cott. Dresses (<hi rend="italic">all various</hi>) – 3/6             4.  4.  0<lb/>                  10 pieces Fancy Print– – – – – – – – –12/-              6  ––––<lb/>            2 pieces Pink Gingham, large patt.– –                   2.  2.  0</p>
         <p>
            <hi rend="italic">Shawls          </hi>1 doz. (Cravat like) – – – – – – – – – – 5/-?      3. ––––<lb/>            1 doz. (silk lines) – – – – – – – – – – – 6/-?                  3.12. –<lb/>            2 shawls at about 20/- or 18/-  – – – – – –             2.  –. –<lb/>           4 “Victoria Table Covers”– scarlet &amp;c  9/-                  1.16. –</p>
         <p>
            <hi rend="italic">Calico.</hi>    3 pieces stout grey 36in. – – – – – – – )<lb/>                  2 d – – – – – – bleached good &amp; wide  )     7. ––––</p>
         <p>
            <hi rend="italic">Coats &amp;c</hi> 2 Blk “P. Albert Cord” – – – – – – – – 26/-   2.12. –<lb/>  2 Mixed Tweed           )<lb/>  2 Angola?                       ) @ abt. 15/- – – – – –           3.  0.  0<lb/>  6 Tunics (Mar 11/51) – – – – – – – – – 21/-     6.  6. –<lb/>  1<hi rend="italic">large</hi> waterproof cloak (of same material say 5/-        1.10.  0</p>
         <p>
            <hi rend="italic">Hats</hi>, &amp;c  6 dz. Best wh. Brazl. Hats       )<lb/>                  turned up edges         ) – – – – –24/-   7.  4. –<lb/>  2 dz. Cloth Caps– – – – – – – – – – – – 40/-<hi rend="underline">        4. ––––</hi>
         </p>
         <p> 220.  0.  6</p>
      </body>
   </text>
</TEI>