<?xml version='1.0' encoding='utf-8'?>
<TEI xmlns="http://www.tei-c.org/ns/1.0" xml:id="PrL-0143">
   <teiHeader>
      <fileDesc>
         <titleStmt>
            <title>Private Letter: 1856 November 10: to Smith</title>
            <author>
               <name type="person" key="http://wtap.vuw.ac.nz/eats/entity/9614/">William Colenso</name>
            </author>
         </titleStmt>
         <publicationStmt>
            <p/>
         </publicationStmt>
         <sourceDesc>
            <p>Auckland Museum MA 2007/1.</p>
            
         </sourceDesc>
      </fileDesc>
      <profileDesc>
         <correspDesc>
               
               <correspAction type="received">
                  <name type="person" key="http://wtap.vuw.ac.nz/eats/entity/72920/">Smith</name>
               </correspAction>
            </correspDesc>
         <creation xmlns:tei="http://www.tei-c.org/ns/1.0">
            <date when="1856-11-10">1856 November 10</date>
         </creation>
      </profileDesc>
   </teiHeader>
   <text>
      <front>
         <p>1856 November 10: to Smith<note xml:id="ftn2-40" place="foot" n="40">Auckland Museum MA 2007/1.</note>
         </p>
      </front>
      <body>
         <p rend="end">Waitangi, Ahuriri<lb/>Novr. 10/56.</p>
         <p>J. Alexander Smith Esq.,</p>
         <p>     &amp;c &amp;c</p>
         <p>             Auckland Museum.</p>
         <p>Sir,</p>
         <p>Your note of the 14<hi rend="sup">th</hi>. ulto. expressing youir wish to obtain for the Auckland Museum any Native Mats carvings Weapons &amp;c. is just to hand, and I lose no time in replying thereto.—</p>
         <p>Unfortunately for your Institution you could not have made an application in a worse quarter than the Ahuriri District. For, during a close residence of 12 years, I have never obtained a single article of the kinds you mention—simply because they are <hi rend="italic">not </hi>manufactured here. I should think that Rotorua or the E. Cape Districts are the only likely ones in the present day:<note xml:id="ftn2-41" place="foot" n="41"> William Williams had already written (12 June 1856) saying much the same (Auckland Museum MA 2007/1).</note> I speak, however, under correction, being guided by what I know of them 18–20 years ago.—</p>
         <p>Wishing your Institution every success.</p>
         <p>                                     I am</p>
         <p>                                             Sir</p>
         <p>                             Yours very truly</p>
         <p>                                     W. Colenso.</p>
      </body>
   </text>
</TEI>