<?xml version='1.0' encoding='utf-8'?>
<TEI xmlns="http://www.tei-c.org/ns/1.0" xml:id="PrL-0053">
  <teiHeader>
      <fileDesc>
         <titleStmt>
            <title>Private Letter: 1845 March 27: to Gell</title>
            <author>
               <name type="person" key="http://wtap.vuw.ac.nz/eats/entity/9614/">William Colenso</name>
            </author>
         </titleStmt>
         <publicationStmt>
            <p/>
         </publicationStmt>
         <sourceDesc>
            <p>ATL MS-Copy-Micro-0715.</p>
         </sourceDesc>
      </fileDesc>
      <profileDesc>
         <correspDesc>
            <correspAction type="sent">
          
               <name type="place" key="http://wtap.vuw.ac.nz/eats/entity/3619/">Wellington</name>
            </correspAction>
            <correspAction type="received">
               <name type="person" key="http://wtap.vuw.ac.nz/eats/entity/71680/">Gell</name>
            </correspAction>
         </correspDesc>
         <creation xmlns:tei="http://www.tei-c.org/ns/1.0">
            <date when="1845-03-27">1845 March 27</date>
         </creation>
      </profileDesc>
  </teiHeader>
  <text>
      <front>
         <p>1845 March 27: to Gell<note xml:id="ftn1-57" place="foot" n="57">ATL MS-Copy-Micro-0715.</note>
         </p>
      </front>
      <body>
         <p>Rev. J.P. Gell<lb/>&amp;c &amp;c &amp;c</p>
         <p rend="end">Wellington,<lb/>Mar. 27, 1845.</p>
         <p>My dear Sir,</p>
         <p>Being on a journey among the Natives in this vicinity, and having just called here at this rising town, and finding the Brig “Victoria” on her way to Hobart, I just drop a line (in the greatest possible haste) to ask the favour of any subsequent nos. of the Tasmanian Journal which may have been published—to be sent on by this opportunity. Rev. R. Cole of this place will kindly take charge of any Letters or parcels for me. I have been stationed by our Bishop on the E. Coast (of which I think I informed you in my last) and am therefore far away from the scene of blood &amp; devastation, of which you will hear by this vessel. Capt. Richards will kindly take charge of any parcel for me.</p>
         <p>With every respect</p>
         <p>I am</p>
         <p>My dear Sir</p>
         <p>Ever most truly</p>
         <p>Yours </p>
         <p>W. Colenso.</p>
      </body>
  </text>
</TEI>