<?xml version='1.0' encoding='utf-8'?>
<TEI xmlns="http://www.tei-c.org/ns/1.0" xml:id="PrL-0029">
  <teiHeader>
      <fileDesc>
         <titleStmt>
            <title>Private Letter: 1842 April 4: to Maunsell</title>
            <author>
               <name type="person" key="http://wtap.vuw.ac.nz/eats/entity/9614/">William Colenso</name>
            </author>
         </titleStmt>
         <publicationStmt>
            <p/>
         </publicationStmt>
         <sourceDesc>
            <p>Hocken Library Ms Vol 63; ATL qMS 0491. Enclosure No. 4 in Colenso’s letter to the CMS Secretaries of 13 December 1852 (below).</p>
         </sourceDesc>
      </fileDesc>
      <profileDesc>
         <correspDesc>
        
            <correspAction type="received">
               <name type="person" key="http://wtap.vuw.ac.nz/eats/entity/71595/">Maunsell</name>
            </correspAction>
         </correspDesc>
         <creation xmlns:tei="http://www.tei-c.org/ns/1.0">
            <date when="1842-04-04">1842 April 4</date>
         </creation>
      </profileDesc>
  </teiHeader>
  <text>
      <front>
         <p>1842 April 4: to Maunsell<note xml:id="ftn1-30" place="foot" n="30"> Hocken Library Ms Vol 63; ATL qMS 0491. Enclosure No. 4 in Colenso’s letter to the CMS Secretaries of 13 December 1852 (below).</note>
         </p>
      </front>
      <body/>
  </text>
</TEI>