<?xml version='1.0' encoding='utf-8'?>
<TEI xmlns="http://www.tei-c.org/ns/1.0" xml:id="PrL-0081">
  <teiHeader>
      <fileDesc>
         <titleStmt>
            <title>Private Letter: 1849 March 2: to the CMS</title>
            <author>
               <name type="person" key="http://wtap.vuw.ac.nz/eats/entity/9614/">William Colenso</name>
            </author>
         </titleStmt>
         <publicationStmt>
            <p/>
         </publicationStmt>
         <sourceDesc>
            <p>Hocken Library Ms Vol 63; ATL qMS 0491.</p>
         </sourceDesc>
      </fileDesc>
      <profileDesc>
         <correspDesc>
        
            <correspAction type="received">
               <name type="organisation" key="http://wtap.vuw.ac.nz/eats/entity/19149/">the CMS</name>
            </correspAction>
         </correspDesc>
         <creation xmlns:tei="http://www.tei-c.org/ns/1.0">
            <date when="1849-03-02">1849 March 2</date>
         </creation>
      </profileDesc>
  </teiHeader>
  <text>
      <front>
         <p>1849 March 2: to the CMS<note xml:id="ftn1-104" place="foot" n="104">Hocken Library Ms Vol 63; ATL qMS 0491.</note>
         </p>
      </front>
      <body>
         <p rend="center">List of Medicines wanted for <lb/>Ahuriri Station</p>
         <p>Calomel, 8 oz.</p>
         <p>Quassia (raspings) 3 lbs.</p>
         <p>Tartarized Antimony, 2 oz.</p>
         <p>Extract Conii, 1 pound.</p>
         <p>Blue Pill, 1 pound.</p>
         <p>Sulphur Vivum, 10 pounds.</p>
         <p>Turpentine, 2 gallons.</p>
         <p>Opium (crude) 8 oz.</p>
         <p>Ipecacuanha Root, (Brown), 1 pound</p>
         <p>Antimonial Powder, 4 oz.</p>
         <p>Dover’s Powder, 1 pound.</p>
         <p>Quinine, 4 oz.</p>
         <p>Newberry’s James’ powder, 1 bottle.</p>
         <p>Sulph. Potass. (pulv.) 1 pound.</p>
         <p>Zinc Sulph., 4 oz.</p>
         <p>Zinc Oxyd. 2 oz.</p>
         <p>2 Lancets</p>
         <p>1 Mortar (Wedgwood)</p>
         <p rend="end">William Colenso<lb/>March 2/49.</p>
         <p> In sending in the above to E.D. Comee. I did not <lb/>  mention any quantity.</p>
      </body>
  </text>
</TEI>