<?xml version='1.0' encoding='utf-8'?>
<TEI xmlns="http://www.tei-c.org/ns/1.0" xml:id="PrL-0101">
  <teiHeader>
      <fileDesc>
         <titleStmt>
            <title>Private Letter: 1851 January 21: to McLean</title>
            <author>
               <name type="person" key="http://wtap.vuw.ac.nz/eats/entity/9614/">William Colenso</name>
            </author>
         </titleStmt>
         <publicationStmt>
            <p/>
         </publicationStmt>
         <sourceDesc>
            <p>ATL Object #1005773 from MS-Papers-0032-0021.</p>
         </sourceDesc>
      </fileDesc>
      <profileDesc>
         <correspDesc>
        
            <correspAction type="received">
               <name type="person" key="http://wtap.vuw.ac.nz/eats/entity/70546/">McLean</name>
            </correspAction>
         </correspDesc>
         <creation xmlns:tei="http://www.tei-c.org/ns/1.0">
            <date when="1851-01-21">1851 January 21</date>
         </creation>
      </profileDesc>
  </teiHeader>
  <text>
      <front>
         <p>1851 January 21: to McLean<note xml:id="ftn1-147" place="foot" n="147">ATL Object #1005773 from MS-Papers-0032-0021.</note>
         </p>
      </front>
      <body>
         <p rend="end">Tuesday Morning</p>
         <p rend="end">21<hi rend="sup">st</hi> [January] 1851.</p>
         <p>My dear Sir</p>
         <p>In a world of hurry I hasten to send off my packages, so as to ensure <hi rend="italic">their </hi>going. I hope they will reach Ahuriri, &amp; Wellington too, safely &amp; <hi rend="italic">dry.</hi>— I cannot now send a single Letter, but I hope to do so this morning or tomorrow morning.—I am happy to get rid of these, &amp; hope to be in time with my Letters. By the bye did you intend your Messengers to reach Wellington in time for the “Ld. W. Bentinck”? He certainly will <hi rend="underline italic">not</hi> do so, in starting hence “tomorrow or Thursday.”—that is if she is to sail by the 1<hi rend="sup">st</hi>. of Feby.—</p>
         <p>       Pray excuse this</p>
         <p>         Ever sincerely yours</p>
         <p>                W. Colenso</p>
         <p>Please tell Mr. Ankatell, that I will write to him tomorrow.</p>
      </body>
  </text>
</TEI>