<?xml version='1.0' encoding='utf-8'?>
<TEI xmlns="http://www.tei-c.org/ns/1.0" xml:id="PrL-0119">
  <teiHeader>
      <fileDesc>
         <titleStmt>
            <title>Private Letter: 1852 September 7: to Selwyn</title>
            <author>
               <name type="person" key="http://wtap.vuw.ac.nz/eats/entity/9614/">William Colenso</name>
            </author>
         </titleStmt>
         <publicationStmt>
            <p/>
         </publicationStmt>
         <sourceDesc>
            <p>ATL qMS-0492. Hocken MS vol 63. Enclosure No. 1 in Colenso’s letter to the CMS Sscretaries of 13 December 1852 (below). Selwyn’s reply is Enclosure No. 2.</p>
         </sourceDesc>
      </fileDesc>
      <profileDesc>
         <correspDesc>
        
            <correspAction type="received">
               <name type="person" key="http://wtap.vuw.ac.nz/eats/entity/48902/">Selwyn</name>
            </correspAction>
         </correspDesc>
         <creation xmlns:tei="http://www.tei-c.org/ns/1.0">
            <date when="1852-09-07">1852 September 7</date>
         </creation>
      </profileDesc>
  </teiHeader>
  <text>
      <front>
         <p>1852 September 7: to Selwyn<note xml:id="ftn1-170" place="foot" n="170">ATL qMS-0492. Hocken  MS vol 63. Enclosure No. 1 in Colenso’s letter to the CMS Sscretaries of 13 December 1852 (below). Selwyn’s reply is Enclosure No. 2.</note>
         </p>
      </front>
      <body/>
  </text>
</TEI>