<?xml version='1.0' encoding='utf-8'?>
<TEI xmlns="http://www.tei-c.org/ns/1.0" xml:id="PrL-0155">
  <teiHeader>
      <fileDesc>
         <titleStmt>
            <title>Private Letter: 1862 date?: to McLean</title>
            <author>
               <name type="person" key="http://wtap.vuw.ac.nz/eats/entity/9614/">William Colenso</name>
            </author>
         </titleStmt>
         <publicationStmt>
            <p/>
         </publicationStmt>
         <sourceDesc>
            <p>ATL Object #1008566 from MS-Papers-0032-0222.</p>
         </sourceDesc>
      </fileDesc>
      <profileDesc>
         <correspDesc>
        
            <correspAction type="received">
               <name type="person" key="http://wtap.vuw.ac.nz/eats/entity/70546/">McLean</name>
            </correspAction>
         </correspDesc>
         <creation xmlns:tei="http://www.tei-c.org/ns/1.0">
            <date when="1862">1862</date>
         </creation>
      </profileDesc>
  </teiHeader>
  <text>
      <front>
         <p>1862 date?: to McLean<note xml:id="ftn2-54" place="foot" n="54">ATL Object #1008566 from MS-Papers-0032-0222.</note>
         </p>
      </front>
      <body>
         <p rend="end">Wednesday</p>
         <p rend="end">Mg</p>
         <p>D. McLean Esq</p>
         <p>&amp;c &amp;c &amp;c</p>
         <p>My dear Mr. Mclean</p>
         <p>For the last few days I have been hoping to see you―to fall in with you, in my usual going to &amp; fro. If you are wholly disengaged this evening I will call on you―say 6 o’clock―when I leave office.</p>
         <p>I shall bring the two last numbers of the <hi rend="italic">Herald </hi>in my pocket.</p>
         <p>Yours truly</p>
         <p>Wm. Colenso</p>
         <p>P.S. since writing the above I have heard of your leaving Town this day―are you <hi rend="italic">now </hi>disengaged?</p>
      </body>
  </text>
</TEI>