<?xml version='1.0' encoding='utf-8'?>
<TEI xmlns="http://www.tei-c.org/ns/1.0" xml:id="PrL-0141">
   <teiHeader>
      <fileDesc>
         <titleStmt>
            <title>Private Letter: 1855 April 12: to McLean</title>
            <author>
               <name type="person" key="http://wtap.vuw.ac.nz/eats/entity/9614/">William Colenso</name>
            </author>
         </titleStmt>
         <publicationStmt>
            <p/>
         </publicationStmt>
         <sourceDesc>
            <p>ATL Object #1013821 from MS-Papers-0032-0221.</p>
            
         </sourceDesc>
      </fileDesc>
      <profileDesc>
         <correspDesc>
               
               <correspAction type="received">
                  <name type="person" key="http://wtap.vuw.ac.nz/eats/entity/70546/">McLean</name>
               </correspAction>
            </correspDesc>
         <creation xmlns:tei="http://www.tei-c.org/ns/1.0">
            <date when="1855-04-12">1855 April 12</date>
         </creation>
      </profileDesc>
   </teiHeader>
   <text>
      <front>
         <p>1855 April 12: to McLean<note xml:id="ftn2-38" place="foot" n="38">ATL Object #1013821 from MS-Papers-0032-0221.</note>
         </p>
      </front>
      <body>
         <p rend="end">Waitangi,</p>
         <p rend="end">April 12, 1855</p>
         <p>Donald McLean Esqr,</p>
         <p>Commissioner of Lands</p>
         <p>&amp;c &amp;c &amp;c</p>
         <p>My dear Sir</p>
         <p>When at Napier yesterday, I heard, that you were then about sailing for Wellington. This information, and the rains, and also believing you to be very busy from your having only returned from Mohaka the evening before, quite prevented my calling. ―</p>
         <p>I have since heard, that you may not go by the vessel now about to sail: and, therefore, write, to ask, whether you could find time to spare me a quarter of an hour at any day which may be convenient. In your fixing the same, and letting me know, I will ride to Napier, or, should you be coming this way you might perhaps call. ―</p>
         <p>I am,</p>
         <p> My dear Sir,</p>
         <p> Yours truly,</p>
         <p> William Colenso</p>
      </body>
   </text>
</TEI>