<?xml version='1.0' encoding='utf-8'?>
<TEI xmlns="http://www.tei-c.org/ns/1.0" xml:id="PrL-0009">
  <teiHeader>
      <fileDesc>
         <titleStmt>
            <title>Private Letter: 1837 August 30: to Coates</title>
            <author>
               <name type="person" key="http://wtap.vuw.ac.nz/eats/entity/9614/">William Colenso</name>
            </author>
         </titleStmt>
         <publicationStmt>
            <p/>
         </publicationStmt>
         <sourceDesc>
            <p>Hocken Library Ms Vol 63; ATL qMS 0491.</p>
         </sourceDesc>
      </fileDesc>
      <profileDesc>
         <correspDesc>
        
            <correspAction type="received">
               <name type="person" key="http://wtap.vuw.ac.nz/eats/entity/71268/">Coates</name>
            </correspAction>
         </correspDesc>
         <creation xmlns:tei="http://www.tei-c.org/ns/1.0">
            <date when="1837-08-30">1837 August 30</date>
         </creation>
      </profileDesc>
  </teiHeader>
  <text>
      <front>
         <p>1837 August 30: to Coates<note xml:id="ftn1-10" place="foot" n="10"> Hocken Library Ms Vol 63; ATL qMS 0491.</note>
         </p>
      </front>
      <body>
         <p rend="end">Paihia, Bay of<lb/>Islands, Augt.<lb/>30 1837</p>
         <p>D. Coates, Esqr.</p>
         <p>Dr. Sir,</p>
         <p>Please pay my Father, Mr S.M. Colenso, Penzance, the sum of Two Pounds, ten shillings, and charge the same to the a/c of</p>
         <p>yr: mo: ob:</p>
         <p>William Colenso.</p>
      </body>
  </text>
</TEI>