<?xml version='1.0' encoding='utf-8'?>
<TEI xmlns="http://www.tei-c.org/ns/1.0" xml:id="PrL-0025">
  <teiHeader>
      <fileDesc>
         <titleStmt>
            <title>Private Letter: 1841 July 8: to Godfrey</title>
            <author>
               <name type="person" key="http://wtap.vuw.ac.nz/eats/entity/9614/">William Colenso</name>
            </author>
         </titleStmt>
         <publicationStmt>
            <p/>
         </publicationStmt>
         <sourceDesc>
            <p>ATL 91-169-1/2. Clearly a draft. On the reverse is another draft, apparently referring to maps lent to Lady Franklin: “Mr C. sends his comp. to Mr F., &amp; would be obliged in his giving the Bearers of this Note, 2 Charts &amp; a mg. map of the N. Island, done up bet. 2 Mill Boards, wh. Mr C. understood from Lieut. Beckham were left in Mr F’s. care on his leavg for Sydney. The Charts &amp;c were lent by Mr C. to L.F. on her Ladyship’s late v. to the NI.”</p>
         </sourceDesc>
      </fileDesc>
      <profileDesc>
         <correspDesc>
        
            <correspAction type="received">
               <name type="person" key="http://wtap.vuw.ac.nz/eats/entity/71565/">Godfrey</name>
            </correspAction>
         </correspDesc>
         <creation xmlns:tei="http://www.tei-c.org/ns/1.0">
            <date when="1841-07-08">1841 July 8</date>
         </creation>
      </profileDesc>
  </teiHeader>
  <text>
      <front>
         <p>1841 July 8: to Godfrey<note xml:id="ftn1-26" place="foot" n="26"> ATL 91-169-1/2. Clearly a draft. On the reverse is another draft, apparently referring to maps lent to Lady Franklin: “Mr C. sends his comp. to Mr F., &amp; would be obliged in his giving the Bearers of this Note, 2 Charts &amp; a mg. map of the N. Island, done up bet. 2 Mill Boards, wh. Mr C. understood from Lieut. Beckham were left in Mr F’s. care on his leavg for Sydney. The Charts &amp;c were lent by Mr C. to L.F. on her Ladyship’s late v. to the NI.”</note>
         </p>
      </front>
      <body>
         <p>E.L. Godfrey Esq<lb/>&amp;c &amp;c &amp;c.</p>
         <p rend="end">Paihia July 8/41</p>
         <p>My dr Sir</p>
         <p>Yours of the 27 ult. requestg. my a/c on behalf of the C.M.S. for ptg. perfd. for the Commissr. together with 3 Receipts for the same, came duly to hand, and would have been ansd. ere this had I not day after day delayed doing so in waiting for the sailing of the Vict. She is now, however, about to sail, and I lose no time in forwarding you the same, enclosed, and hope they will be satisfactory.</p>
         <p>Our Missn. Schooner Columbine is about to proceed forthwith to Auckland. Mr S. Williams goes &amp; returns in her. You can, my dear Sir, if it meets with your approval, hand over the amount of the Bills receipted either to Mr S.W. or to Capt. Gratton the master of the Schooner.</p>
         <p>                       Believe me</p>
         <p>Ever most truly yrs</p>
         <p>WC</p>
      </body>
  </text>
</TEI>