<?xml version='1.0' encoding='utf-8'?>
<TEI xmlns="http://www.tei-c.org/ns/1.0" xml:id="PrL-0132">
  <teiHeader>
      <fileDesc>
         <titleStmt>
            <title>Private Letter: 1853 November 28: to Williams</title>
            <author>
               <name type="person" key="http://wtap.vuw.ac.nz/eats/entity/9614/">William Colenso</name>
            </author>
         </titleStmt>
         <publicationStmt>
            <p/>
         </publicationStmt>
         <sourceDesc>
            <p>Appended to Colenso to Straith 3 January 1854; ATL qMS-0492. Hocken MS vol 63.</p>
         </sourceDesc>
      </fileDesc>
      <profileDesc>
         <correspDesc>
        
            <correspAction type="received">
               <name type="person" key="http://wtap.vuw.ac.nz/eats/entity/16069/">Williams</name>
            </correspAction>
         </correspDesc>
         <creation xmlns:tei="http://www.tei-c.org/ns/1.0">
            <date when="1853-11-28">1853 November 28</date>
         </creation>
      </profileDesc>
  </teiHeader>
  <text>
      <front>
         <p>1853 November 28: to Williams<note xml:id="ftn2-21" place="foot" n="21">Appended to Colenso to Straith 3 January 1854; ATL qMS-0492. Hocken MS vol 63.</note>
         </p>
      </front>
      <body/>
  </text>
</TEI>