<?xml version='1.0' encoding='utf-8'?>
<TEI xmlns="http://www.tei-c.org/ns/1.0" xml:id="PrL-0035">
  <teiHeader>
      <fileDesc>
         <titleStmt>
            <title>Private Letter: 1843 March 22: to Selwyn</title>
            <author>
               <name type="person" key="http://wtap.vuw.ac.nz/eats/entity/9614/">William Colenso</name>
            </author>
         </titleStmt>
         <publicationStmt>
            <p/>
         </publicationStmt>
         <sourceDesc>
            <p>Hocken Library Ms Vol 63; ATL qMS 0491. Enclosure No. 6 in Colenso’s letter to the CMS Sscretaries of 13 December 1852 (below).</p>
         </sourceDesc>
      </fileDesc>
      <profileDesc>
         <correspDesc>
        
            <correspAction type="received">
               <name type="person" key="http://wtap.vuw.ac.nz/eats/entity/48902/">Selwyn</name>
            </correspAction>
         </correspDesc>
         <creation xmlns:tei="http://www.tei-c.org/ns/1.0">
            <date when="1843-03-22">1843 March 22</date>
         </creation>
      </profileDesc>
  </teiHeader>
  <text>
      <front>
         <p>1843 March 22: to Selwyn<note xml:id="ftn1-37" place="foot" n="37"> Hocken Library Ms Vol 63; ATL qMS 0491. Enclosure No. 6 in Colenso’s letter to the CMS Sscretaries of 13 December 1852 (below).</note>
         </p>
      </front>
      <body/>
  </text>
</TEI>