<?xml version='1.0' encoding='utf-8'?>
<TEI xmlns="http://www.tei-c.org/ns/1.0" xml:id="PrL-0008">
  <teiHeader>
      <fileDesc>
         <titleStmt>
            <title>Private Letter: 1837 April 6: to Coates</title>
            <author>
               <name type="person" key="http://wtap.vuw.ac.nz/eats/entity/9614/">William Colenso</name>
            </author>
         </titleStmt>
         <publicationStmt>
            <p/>
         </publicationStmt>
         <sourceDesc>
            <p>Hocken Library Ms Vol 63; ATL qMS 0491.</p>
         </sourceDesc>
      </fileDesc>
      <profileDesc>
         <correspDesc>
        
            <correspAction type="received">
               <name type="person" key="http://wtap.vuw.ac.nz/eats/entity/71268/">Coates</name>
            </correspAction>
         </correspDesc>
         <creation xmlns:tei="http://www.tei-c.org/ns/1.0">
            <date when="1837-04-06">1837 April 6</date>
         </creation>
      </profileDesc>
  </teiHeader>
  <text>
      <front>
         <p>1837 April 6: to Coates<note xml:id="ftn1-9" place="foot" n="9">Hocken Library Ms Vol 63; ATL qMS 0491.</note>
         </p>
      </front>
      <body>
         <p rend="end">Paihia, Bay of<lb/>Islands, April 6 1837.</p>
         <p>D. Coates, Esqr.</p>
         <p>Sir,</p>
         <p>Please pay the <hi rend="italic">Bearer</hi> the Revd. F. Wilkinson, the sum of Two Pounds, and charge the same to the account of</p>
         <p>William Colenso.</p>
         <p>£2..0..0</p>
      </body>
  </text>
</TEI>