<?xml version='1.0' encoding='utf-8'?>
<TEI xmlns="http://www.tei-c.org/ns/1.0" xml:id="PrL-0103">
  <teiHeader>
      <fileDesc>
         <titleStmt>
            <title>Private Letter: 1851 February 27: to the European traders at Ahuriri</title>
            <author>
               <name type="person" key="http://wtap.vuw.ac.nz/eats/entity/9614/">William Colenso</name>
            </author>
         </titleStmt>
         <publicationStmt>
            <p/>
         </publicationStmt>
         <sourceDesc>
            <p>ATL qMS-0489; appendix to Journals.</p>
         </sourceDesc>
      </fileDesc>
      <profileDesc>
         <correspDesc>
            <correspAction type="sent">
          
               <name type="place" key="http://wtap.vuw.ac.nz/eats/entity/70244/">Waitangi</name>
            </correspAction>
            <correspAction type="received">
               <name type="person">the European traders at Ahuriri</name>
            </correspAction>
         </correspDesc>
         <creation xmlns:tei="http://www.tei-c.org/ns/1.0">
            <date when="1851-02-27">1851 February 27</date>
         </creation>
      </profileDesc>
  </teiHeader>
  <text>
      <front>
         <p>1851 February 27: to the European traders at Ahuriri<note xml:id="ftn1-149" place="foot" n="149">ATL qMS-0489; appendix to Journals.</note>
         </p>
      </front>
      <body>
         <p rend="end">Ch. Miss. Station,</p>
         <p rend="end">Waitangi, Feby. 27/51.</p>
         <p>Sir</p>
         <p>The bearer of this note is a young Chief of rank, who has for some time been a regular attendant upon Christian Instruction as a Candidate for Baptism.</p>
         <p>He was to have been Baptized with his mother and sisters, at the large Adult Baptism which took place here on the 9th. inst. They, however, were admitted while he was excluded.—</p>
         <p>This I did, in consequence of my heaving heard of his having sold you some flax shortly before, which flax he wilfully wetted on his way to your place, in order to increase its weight.</p>
         <p>He has since been to me several times, seemingly penitent for his error, and begging to be again received as a Candiate for Baptism. This, however, I have positively refused to do, unless he first makes you full recompense for the injury done; which he has willingly agreed to.</p>
         <p>I, therefore, write you this note; which he will take, and which will explain his errand. And, I should be obliged to you in your informing me, as to your being satisfied in the matter.</p>
         <p>and am,</p>
         <p>Sir,</p>
         <p>very truly yours,</p>
         <p>William Colenso</p>
      </body>
  </text>
</TEI>