<?xml version='1.0' encoding='utf-8'?>
<TEI xmlns="http://www.tei-c.org/ns/1.0" xml:id="PrL-0095">
  <teiHeader>
      <fileDesc>
         <titleStmt>
            <title>Private Letter: 1850 December 30: to McLean</title>
            <author>
               <name type="person" key="http://wtap.vuw.ac.nz/eats/entity/9614/">William Colenso</name>
            </author>
         </titleStmt>
         <publicationStmt>
            <p/>
         </publicationStmt>
         <sourceDesc>
            <p>ATL Object #1004371 from MS-Papers-0032-0222.</p>
         </sourceDesc>
      </fileDesc>
      <profileDesc>
         <correspDesc>
            <correspAction type="sent">
          
               <name type="place" key="http://wtap.vuw.ac.nz/eats/entity/70244/">Waitangi</name>
            </correspAction>
            <correspAction type="received">
               <name type="person" key="http://wtap.vuw.ac.nz/eats/entity/70546/">McLean</name>
            </correspAction>
         </correspDesc>
         <creation xmlns:tei="http://www.tei-c.org/ns/1.0">
            <date when="1850-12-30">1850 December 30</date>
         </creation>
      </profileDesc>
  </teiHeader>
  <text>
      <front>
         <p>1850 December 30: to McLean<note xml:id="ftn1-141" place="foot" n="141">ATL Object #1004371 from MS-Papers-0032-0222.</note>
         </p>
      </front>
      <body>
         <p rend="end">Mission Station</p>
         <p rend="end">Waitangi</p>
         <p rend="end">Decr. 30 1850</p>
         <p>My dear Sir</p>
         <p>We send you a few loose cherries, a little wine, milk &amp; Butter, and a Cake, &amp; would that they were both larger &amp; better.—</p>
         <p>We should have sent to you on Thursday or Friday last, but we have been, all hands, laid up with Influenza—several of my household (now 20 in no.!) are still unwell.—</p>
         <p>We hope you are well—&amp; beg you will <hi rend="italic">not fail to send to us </hi>for whatever you may want which we can supply. And with compliments to Mr. Reed, I am</p>
         <p>       (for self &amp; Mrs Colenso)</p>
         <p>         Yours very truly</p>
         <p>                       W. Colenso</p>
         <p>P.S. I write in a very great hurry—but add, by way of postscript,—our hearty wish of a happy New Year to you both. W.C.</p>
      </body>
  </text>
</TEI>